claim_id,claim,status,confidence,evidence,caveat,source_ids
C001,Classic keygen music was often delivered as tracker modules.,Supported,High,Format documentation plus public archive entries,Does not mean every keygen used a module,S01;S03;S16
C002,"MOD, XM, S3M, and IT are key formats for the sample-module route.",Supported,High,Canonical tracker and player documentation,Collection and era distribution varies,S03;S13;S19
C003,An XM extension proves FastTracker II was the original composing program.,Rejected,High,Many programs and converters can write XM; direct MOD2XM header example,Header writer may be a later tool,S01;S07;S18
C004,Tracker modules store event data plus reusable sound material.,Supported,High,Tracker manuals and format documentation,MIDI and procedural formats use different sound models,S01;S03
C005,Short looped PCM samples can act like synthesizer oscillators.,Supported,High,Tracker sample/instrument documentation and worked MilkyTracker example,Exact waveform source is song-specific,S01;S22
C006,"Tracker effects supplied compact pitch, volume, timing, and structure control.",Supported,High,OpenMPT and MilkyTracker effect references,Command letters and quirks differ by format/player,S01;S04
C007,The target replay engine could influence composition and optimization.,Supported,High,MiniFMOD effect stripping; compatibility-export documentation,Degree of co-design varies by release,S11;S21
C008,uFMOD was used by every XM keygen.,Rejected,High,uFMOD capability does not identify per-executable use,Requires source or binary evidence,S10
C009,uFMOD is a compact assembly XM replayer.,Supported,High,Official uFMOD documentation,"It is a player, not a composition tracker",S10
C010,MiniFMOD supported memory/resource XM loading and song-specific effect stripping.,Supported,High,Historical project documentation,Published size numbers are build-specific,S11
C011,"BASS supports XM, IT, S3M, and MOD playback.",Supported,High,Official BASS documentation,Historical BASSMOD capabilities/version should be checked separately,S12
C012,Procedural synths such as 4klang were the normal route for all keygen tunes.,Not established,High,4klang targets 4K intros; archive contains many conventional modules,Overlap exists but prevalence is not demonstrated,S14;S16
C013,4klang was designed for 4K intros and includes VSTi plus runtime integration material.,Supported,High,Official repository,Not itself proof of keygen use,S14
C014,A detached module identifies its runtime player.,Rejected,High,Player is external to module data,Need executable/source evidence,S10;S11;S12
C015,IT creation-version fields always identify the original tracker.,Rejected,High,OpenMPT documents impersonated/reused identifiers,Fields remain useful but non-conclusive,S06
C016,The sxiii archive is a controlled census of the entire scene.,Rejected,High,Repository describes a collected megapack/radio set,Use only as convenience-corpus evidence,S16
C017,The APACHE/Titan Quest XM was last written or converted by MOD2XM 1.0.,Supported,High,Direct decoded XM tracker/exporter field,Original tracker and composer remain unknown,S18
C018,Keygen music was always hardware-chip music.,Rejected,High,XM/MOD/IT/S3M use sampled/software-replayed models,Some collection formats are genuinely chip/platform specific,S03;S16
C019,Module compactness comes partly from sample and pattern reuse.,Supported,High,Tracker/module structure,Sample-heavy modules can still be large,S01;S03
C020,Public availability of a module grants permission to reuse it.,Rejected,High,Availability is not a license,Check rights per composition and sample,S16
