category,program_or_component,platform,primary_formats,role,evidence_strength,notes,source_ids
Composition tracker,ProTracker 2.x,Amiga,MOD,Pattern/sample authoring and reference replay,High for format lineage; per-song use requires evidence,Classic four-channel sample-tracker model,S08;S20
Composition tracker,Scream Tracker 3,DOS,S3M,"Pattern, sample, and optional OPL-instrument authoring",High for native-format relationship,S3M-style effects influenced IT,S03;S04;S19
Composition tracker,FastTracker II,DOS,XM,Pattern and instrument authoring,High for native-format relationship; not every XM was authored in FT2,"Envelopes, multisampling, up to 32 channels in original FT2 model",S01;S03;S07
Composition tracker,Impulse Tracker,DOS,IT; S3M,"Pattern, sample, instrument, and playback authoring",High,"Original source includes editor, playback, and sample compression",S03;S09
Composition tracker,ModPlug Tracker / OpenMPT,Windows,MOD; XM; S3M; IT; MPTM,"Multi-format editing, conversion, compatibility export",High for capability; per-song historical use requires metadata,Tracker-specific extensions can affect other players,S03;S05;S06;S21
Composition tracker,MilkyTracker,Cross-platform,XM; MOD,"FT2-style composition, sample editing, optimization",High,Modern reconstruction tool; do not assign to pre-MilkyTracker files,S01;S02;S22
Replay library,uFMOD,Windows and other ports,XM,Small assembly-language XM playback,High for capability; per-executable use requires source/binary evidence,Includes XMStrip and compressed-sample support,S10
Replay library,MiniFMOD,Windows,XM,Static XM playback from memory/resource,High for documented capability,Could compile out unused XM effects,S11
Replay library,BASS / historical BASSMOD,Cross-platform / Windows history,XM; IT; S3M; MOD; MTM; UMX; MO3,General module playback and mixing,High for current BASS capability; exact historical version requires verification,Can load module music from memory,S12
Replay library,libopenmpt,Cross-platform,MOD; XM; S3M; IT and many others,Modern module-to-PCM decoding,High,Best treated as modern archival/application option,S13
Replay library,libxmp,Cross-platform,MOD; XM; S3M; IT and many others,Modern module-to-PCM decoding,High,Supports more than 90 module formats,S19
Procedural synthesizer,Farbrausch V2,Windows scene toolchain,V2M,Compact score/patch data and real-time synthesis,High for demoscene tool; keygen prevalence not established,Separate from sampled modules,S15
Procedural synthesizer,4klang,Windows / VST host,4klang export data,VSTi composition and tiny runtime synth,High,Officially intended for 4K intros,S14
